UserID,Age,Gender
U0001,46,Male
U0002,32,Male
U0003,25,Female
U0004,38,Female
U0005,36,Other
U0006,40,Female
U0007,28,Male
U0008,28,Male
U0009,41,Female
U0010,53,Female
U0011,41,Male
U0012,20,Female
U0013,39,Male
U0014,19,Female
U0015,41,Male
U0016,47,Male
U0017,19,Male
U0018,38,Male
U0019,50,Male
U0020,29,Female
U0021,39,Female
U0022,42,Female
U0023,44,Other
U0024,45,Male
U0025,33,Male
U0026,32,Female
U0027,20,Male
U0028,54,Other
U0029,24,Male
U0030,38,Other
U0031,26,Male
U0032,35,Female
U0033,21,Female
U0034,42,Other
U0035,31,Male
U0036,26,Female
U0037,43,Other
U0038,19,Female
U0039,37,Female
U0040,45,Female
U0041,24,Male
U0042,25,Female
U0043,52,Female
U0044,31,Female
U0045,34,Male
U0046,53,Male
U0047,21,Female
U0048,19,Female
U0049,23,Male
U0050,21,Female
U0051,46,Male
U0052,35,Male
U0053,43,Male
U0054,51,Male
U0055,27,Female
U0056,53,Male
U0057,31,Other
U0058,48,Other
U0059,32,Female
U0060,25,Female
U0061,31,Male
U0062,40,Female
U0063,38,Female
U0064,33,Male
U0065,35,Female
U0066,41,Female
U0067,43,Female
U0068,42,Female
U0069,46,Female
U0070,32,Male
U0071,18,Female
U0072,42,Female
U0073,24,Male
U0074,26,Male
U0075,41,Male
U0076,18,Female
U0077,25,Other
U0078,41,Male
U0079,28,Female
U0080,34,Male
U0081,25,Other
U0082,52,Female
U0083,52,Female
U0084,50,Male
U0085,22,Male
U0086,45,Male
U0087,24,Male
U0088,26,Female
U0089,25,Female
U0090,29,Other
U0091,51,Other
U0092,50,Female
U0093,40,Female
U0094,41,Female
U0095,54,Female
U0096,52,Male
U0097,39,Male
U0098,44,Male
U0099,52,Female
U0100,18,Female
U0101,52,Male
U0102,54,Female
U0103,31,Female
U0104,20,Male
U0105,18,Male
U0106,22,Female
U0107,43,Female
U0108,31,Female
U0109,44,Female
U0110,26,Female
U0111,32,Female
U0112,32,Female
U0113,43,Female
U0114,30,Male
U0115,49,Male
U0116,49,Male
U0117,21,Female
U0118,47,Female
U0119,54,Female
U0120,40,Male
U0121,32,Male
U0122,46,Male
U0123,53,Male
U0124,30,Female
U0125,49,Male
U0126,24,Male
U0127,39,Female
U0128,45,Male
U0129,19,Female
U0130,23,Female
U0131,45,Male
U0132,45,Female
U0133,37,Female
U0134,47,Female
U0135,28,Male
U0136,45,Female
U0137,42,Female
U0138,50,Male
U0139,18,Male
U0140,44,Other
U0141,30,Female
U0142,20,Male
U0143,23,Female
U0144,25,Male
U0145,44,Male
U0146,26,Male
U0147,54,Male
U0148,50,Male
U0149,41,Male
U0150,32,Female
U0151,49,Male
U0152,49,Male
U0153,41,Female
U0154,29,Male
U0155,19,Female
U0156,20,Male
U0157,54,Male
U0158,34,Male
U0159,19,Male
U0160,19,Male
U0161,45,Male
U0162,40,Male
U0163,54,Male
U0164,49,Male
U0165,50,Male
U0166,18,Male
U0167,36,Female
U0168,19,Female
U0169,43,Male
U0170,49,Female
U0171,23,Female
U0172,49,Male
U0173,21,Female
U0174,28,Female
U0175,34,Male
U0176,41,Male
U0177,22,Female
U0178,51,Female
U0179,23,Male
U0180,39,Male
U0181,28,Male
U0182,33,Female
U0183,50,Female
U0184,26,Male
U0185,23,Male
U0186,33,Female
U0187,46,Male
U0188,20,Male
U0189,37,Female
U0190,53,Female
U0191,36,Female
U0192,43,Female
U0193,20,Male
U0194,36,Male
U0195,37,Female
U0196,49,Male
U0197,24,Male
U0198,50,Male
U0199,35,Male
U0200,18,Male
U0201,28,Male
U0202,45,Male
U0203,42,Male
U0204,40,Female
U0205,48,Female
U0206,47,Female
U0207,52,Female
U0208,24,Female
U0209,33,Male
U0210,43,Female
U0211,19,Female
U0212,18,Female
U0213,29,Male
U0214,22,Male
U0215,54,Male
U0216,49,Male
U0217,26,Female
U0218,52,Female
U0219,36,Male
U0220,33,Other
U0221,20,Female
U0222,37,Male
U0223,41,Male
U0224,50,Male
U0225,41,Male
U0226,28,Male
U0227,25,Male
U0228,53,Male
U0229,37,Male
U0230,52,Female
U0231,42,Male
U0232,52,Female
U0233,42,Male
U0234,46,Other
U0235,35,Male
U0236,35,Male
U0237,19,Other
U0238,52,Female
U0239,33,Female
U0240,53,Male
U0241,50,Male
U0242,21,Female
U0243,50,Female
U0244,31,Female
U0245,38,Female
U0246,37,Male
U0247,25,Female
U0248,24,Male
U0249,20,Male
U0250,34,Male
U0251,50,Female
U0252,29,Male
U0253,39,Male
U0254,39,Female
U0255,47,Male
U0256,25,Female
U0257,44,Male
U0258,44,Female
U0259,51,Female
U0260,38,Male
U0261,47,Male
U0262,50,Male
U0263,45,Male
U0264,50,Other
U0265,22,Male
U0266,36,Female
U0267,21,Male
U0268,52,Female
U0269,34,Female
U0270,45,Female
U0271,47,Male
U0272,46,Male
U0273,23,Male
U0274,52,Female
U0275,54,Female
U0276,41,Other
U0277,46,Male
U0278,48,Female
U0279,52,Female
U0280,50,Male
U0281,38,Male
U0282,49,Female
U0283,40,Female
U0284,50,Female
U0285,20,Male
U0286,35,Female
U0287,42,Male
U0288,48,Male
U0289,20,Male
U0290,41,Female
U0291,49,Female
U0292,39,Female
U0293,40,Male
U0294,19,Female
U0295,44,Male
U0296,19,Female
U0297,43,Male
U0298,34,Male
U0299,50,Male
U0300,26,Male
U0301,46,Female
U0302,43,Female
U0303,52,Male
U0304,42,Female
U0305,41,Male
U0306,30,Female
U0307,24,Female
U0308,53,Female
U0309,37,Male
U0310,18,Female
U0311,25,Female
U0312,33,Male
U0313,31,Male
U0314,29,Female
U0315,40,Female
U0316,32,Female
U0317,45,Female
U0318,51,Female
U0319,19,Male
U0320,49,Male
U0321,40,Male
U0322,39,Female
U0323,42,Male
U0324,39,Female
U0325,39,Female
U0326,23,Female
U0327,32,Male
U0328,54,Female
U0329,50,Male
U0330,25,Female
U0331,22,Male
U0332,21,Male
U0333,23,Female
U0334,49,Male
U0335,47,Male
U0336,52,Female
U0337,33,Female
U0338,30,Female
U0339,47,Female
U0340,36,Female
U0341,34,Male
U0342,36,Male
U0343,45,Male
U0344,43,Female
U0345,54,Female
U0346,43,Male
U0347,40,Male
U0348,26,Female
U0349,29,Male
U0350,18,Female
U0351,18,Female
U0352,51,Female
U0353,49,Male
U0354,42,Female
U0355,18,Female
U0356,33,Female
U0357,22,Female
U0358,39,Female
U0359,46,Female
U0360,20,Male
U0361,29,Female
U0362,43,Female
U0363,33,Male
U0364,54,Female
U0365,39,Female
U0366,46,Female
U0367,31,Male
U0368,45,Male
U0369,22,Other
U0370,47,Female
U0371,22,Male
U0372,29,Female
U0373,33,Female
U0374,43,Female
U0375,43,Female
U0376,38,Male
U0377,53,Male
U0378,50,Male
U0379,47,Female
U0380,54,Male
U0381,40,Male
U0382,27,Male
U0383,22,Female
U0384,53,Female
U0385,51,Male
U0386,48,Male
U0387,27,Female
U0388,36,Male
U0389,49,Male
U0390,18,Male
U0391,22,Male
U0392,21,Male
U0393,33,Female
U0394,41,Male
U0395,33,Female
U0396,19,Male
U0397,45,Female
U0398,49,Female
U0399,44,Male
U0400,37,Female
U0401,41,Male
U0402,29,Other
U0403,52,Male
U0404,50,Male
U0405,50,Male
U0406,54,Other
U0407,29,Female
U0408,20,Female
U0409,18,Male
U0410,50,Female
U0411,27,Male
U0412,46,Female
U0413,30,Male
U0414,29,Male
U0415,48,Male
U0416,19,Male
U0417,52,Female
U0418,40,Male
U0419,34,Female
U0420,43,Male
U0421,25,Female
U0422,46,Male
U0423,43,Male
U0424,27,Female
U0425,43,Male
U0426,51,Male
U0427,24,Female
U0428,21,Female
U0429,28,Male
U0430,46,Male
U0431,53,Female
U0432,42,Male
U0433,38,Male
U0434,53,Male
U0435,27,Female
U0436,54,Female
U0437,26,Male
U0438,41,Male
U0439,52,Male
U0440,52,Female
U0441,53,Male
U0442,35,Male
U0443,49,Female
U0444,41,Male
U0445,40,Female
U0446,49,Male
U0447,54,Male
U0448,29,Male
U0449,30,Female
U0450,40,Female
U0451,42,Female
U0452,52,Male
U0453,47,Female
U0454,34,Male
U0455,37,Male
U0456,42,Female
U0457,39,Male
U0458,30,Male
U0459,36,Male
U0460,53,Male
U0461,29,Male
U0462,36,Female
U0463,29,Male
U0464,26,Female
U0465,24,Female
U0466,45,Male
U0467,31,Male
U0468,48,Male
U0469,36,Female
U0470,33,Male
U0471,22,Female
U0472,52,Male
U0473,29,Female
U0474,42,Male
U0475,38,Male
U0476,53,Female
U0477,40,Female
U0478,33,Male
U0479,31,Female
U0480,48,Female
U0481,22,Female
U0482,52,Female
U0483,40,Male
U0484,46,Male
U0485,28,Male
U0486,35,Female
U0487,29,Female
U0488,26,Male
U0489,27,Male
U0490,34,Female
U0491,24,Other
U0492,30,Female
U0493,26,Male
U0494,44,Male
U0495,19,Male
U0496,22,Female
U0497,46,Male
U0498,54,Female
U0499,36,Male
U0500,25,Female
